model,training_duration (min)
A2C,3.225508133570353
PPO,2.767536699771881
SAC,39.79921731948853
DDPG,35.3969051639239
TD3,74.97527679999669
