model,training_duration (min)
A2C,0.0006623824437459309
PPO,0.03008855183919271
SAC,0.0003262480099995931
DDPG,0.0003414154052734375
TD3,0.00039910078048706056
