model,training_duration (min)
A2C,3.621344963709513
PPO,3.0744788527488707
SAC,46.64378363291423
DDPG,38.400101466973624
