model,training_duration (min)
A2C,5.8995911637942
PPO,4.850559767087301
SAC,115.74072730143865
DDPG,77.08332173426946
TD3,86.10858301321666
