model,training_duration (min)
A2C,2.788114353020986
PPO,2.6732176025708516
SAC,37.12646123568217
DDPG,36.979651900132495
